{"web":{"client_id":"557377280107-jmilg1tck7fse5pj649f932m8rft8qjf.apps.googleusercontent.com","project_id":"udacitycatalogapp-148215","auth_uri":"https://accounts.google.com/o/oauth2/auth","token_uri":"https://accounts.google.com/o/oauth2/token","auth_provider_x509_cert_url":"https://www.googleapis.com/oauth2/v1/certs","client_secret":"m3g4XB1lSe4IX98dBzolijgN","redirect_uris":["https://localhost:5000/callback","http://localhost:5000/callback"],"javascript_origins":["http://localhost","http://localhost:5000"]}}